,Country,Code,Year,Life_satisfaction_in_Cantril_Ladder_(World_Happiness_Report_2021)
0,Afghanistan,AFG,2008,3.724
1,Afghanistan,AFG,2009,4.402
2,Afghanistan,AFG,2010,4.758
3,Afghanistan,AFG,2011,3.832
4,Afghanistan,AFG,2012,3.783
5,Afghanistan,AFG,2013,3.572
6,Afghanistan,AFG,2014,3.131
7,Afghanistan,AFG,2015,3.983
8,Afghanistan,AFG,2016,4.22
9,Afghanistan,AFG,2017,2.662
10,Afghanistan,AFG,2018,2.694
11,Afghanistan,AFG,2019,2.375
12,Albania,ALB,2007,4.634
13,Albania,ALB,2009,5.485
14,Albania,ALB,2010,5.269
15,Albania,ALB,2011,5.867
16,Albania,ALB,2012,5.51
17,Albania,ALB,2013,4.551
18,Albania,ALB,2014,4.814
19,Albania,ALB,2015,4.607
20,Albania,ALB,2016,4.511
21,Albania,ALB,2017,4.64
22,Albania,ALB,2018,5.004
23,Albania,ALB,2019,4.995
24,Albania,ALB,2020,5.365
25,Algeria,DZA,2010,5.464
26,Algeria,DZA,2011,5.317
27,Algeria,DZA,2012,5.605
28,Algeria,DZA,2014,6.355
29,Algeria,DZA,2016,5.341
30,Algeria,DZA,2017,5.249
31,Algeria,DZA,2018,5.043
32,Algeria,DZA,2019,4.745
33,Angola,AGO,2011,5.589
34,Angola,AGO,2012,4.36
35,Angola,AGO,2013,3.937
36,Angola,AGO,2014,3.795
37,Argentina,ARG,2006,6.313
38,Argentina,ARG,2007,6.073
39,Argentina,ARG,2008,5.961
40,Argentina,ARG,2009,6.424
41,Argentina,ARG,2010,6.441
42,Argentina,ARG,2011,6.776
43,Argentina,ARG,2012,6.468
44,Argentina,ARG,2013,6.582
45,Argentina,ARG,2014,6.671
46,Argentina,ARG,2015,6.697
47,Argentina,ARG,2016,6.427
48,Argentina,ARG,2017,6.039
49,Argentina,ARG,2018,5.793
50,Argentina,ARG,2019,6.086
51,Argentina,ARG,2020,5.901
52,Armenia,ARM,2006,4.289
53,Armenia,ARM,2007,4.882
54,Armenia,ARM,2008,4.652
55,Armenia,ARM,2009,4.178
56,Armenia,ARM,2010,4.368
57,Armenia,ARM,2011,4.26
58,Armenia,ARM,2012,4.32
59,Armenia,ARM,2013,4.277
60,Armenia,ARM,2014,4.453
61,Armenia,ARM,2015,4.348
62,Armenia,ARM,2016,4.325
63,Armenia,ARM,2017,4.288
64,Armenia,ARM,2018,5.062
65,Armenia,ARM,2019,5.488
66,Australia,AUS,2005,7.341
67,Australia,AUS,2007,7.285
68,Australia,AUS,2008,7.254
69,Australia,AUS,2010,7.45
70,Australia,AUS,2011,7.406
71,Australia,AUS,2012,7.196
72,Australia,AUS,2013,7.364
73,Australia,AUS,2014,7.289
74,Australia,AUS,2015,7.309
75,Australia,AUS,2016,7.25
76,Australia,AUS,2017,7.257
77,Australia,AUS,2018,7.177
78,Australia,AUS,2019,7.234
79,Australia,AUS,2020,7.137
80,Austria,AUT,2006,7.122
81,Austria,AUT,2008,7.181
82,Austria,AUT,2010,7.303
83,Austria,AUT,2011,7.471
84,Austria,AUT,2012,7.401
85,Austria,AUT,2013,7.499
86,Austria,AUT,2014,6.95
87,Austria,AUT,2015,7.076
88,Austria,AUT,2016,7.048
89,Austria,AUT,2017,7.294
90,Austria,AUT,2018,7.396
91,Austria,AUT,2019,7.195
92,Austria,AUT,2020,7.213
93,Azerbaijan,AZE,2006,4.728
94,Azerbaijan,AZE,2007,4.568
95,Azerbaijan,AZE,2008,4.817
96,Azerbaijan,AZE,2009,4.574
97,Azerbaijan,AZE,2010,4.219
98,Azerbaijan,AZE,2011,4.68
99,Azerbaijan,AZE,2012,4.911
100,Azerbaijan,AZE,2013,5.481
101,Azerbaijan,AZE,2014,5.252
102,Azerbaijan,AZE,2015,5.147
103,Azerbaijan,AZE,2016,5.304
104,Azerbaijan,AZE,2017,5.152
105,Azerbaijan,AZE,2018,5.168
106,Azerbaijan,AZE,2019,5.173
107,Bahrain,BHR,2009,5.701
108,Bahrain,BHR,2010,5.937
109,Bahrain,BHR,2011,4.824
110,Bahrain,BHR,2012,5.027
111,Bahrain,BHR,2013,6.69
112,Bahrain,BHR,2014,6.165
113,Bahrain,BHR,2015,6.007
114,Bahrain,BHR,2016,6.17
115,Bahrain,BHR,2017,6.227
116,Bahrain,BHR,2019,7.098
117,Bahrain,BHR,2020,6.173
118,Bangladesh,BGD,2006,4.319
119,Bangladesh,BGD,2007,4.607
120,Bangladesh,BGD,2008,5.052
121,Bangladesh,BGD,2009,5.083
122,Bangladesh,BGD,2010,4.858
123,Bangladesh,BGD,2011,4.986
124,Bangladesh,BGD,2012,4.724
125,Bangladesh,BGD,2013,4.66
126,Bangladesh,BGD,2014,4.636
127,Bangladesh,BGD,2015,4.633
128,Bangladesh,BGD,2016,4.556
129,Bangladesh,BGD,2017,4.31
130,Bangladesh,BGD,2018,4.499
131,Bangladesh,BGD,2019,5.114
132,Bangladesh,BGD,2020,5.28
133,Belarus,BLR,2006,5.658
134,Belarus,BLR,2007,5.617
135,Belarus,BLR,2008,5.463
136,Belarus,BLR,2009,5.564
137,Belarus,BLR,2010,5.526
138,Belarus,BLR,2011,5.225
139,Belarus,BLR,2012,5.749
140,Belarus,BLR,2013,5.876
141,Belarus,BLR,2014,5.812
142,Belarus,BLR,2015,5.719
143,Belarus,BLR,2016,5.178
144,Belarus,BLR,2017,5.553
145,Belarus,BLR,2018,5.234
146,Belarus,BLR,2019,5.821
147,Belgium,BEL,2005,7.262
148,Belgium,BEL,2007,7.219
149,Belgium,BEL,2008,7.117
150,Belgium,BEL,2010,6.854
151,Belgium,BEL,2011,7.111
152,Belgium,BEL,2012,6.935
153,Belgium,BEL,2013,7.104
154,Belgium,BEL,2014,6.855
155,Belgium,BEL,2015,6.904
156,Belgium,BEL,2016,6.949
157,Belgium,BEL,2017,6.928
158,Belgium,BEL,2018,6.892
159,Belgium,BEL,2019,6.772
160,Belgium,BEL,2020,6.839
161,Belize,BLZ,2007,6.451
162,Belize,BLZ,2014,5.956
163,Benin,BEN,2006,3.33
164,Benin,BEN,2008,3.667
165,Benin,BEN,2011,3.87
166,Benin,BEN,2012,3.193
167,Benin,BEN,2013,3.479
168,Benin,BEN,2014,3.347
169,Benin,BEN,2015,3.625
170,Benin,BEN,2016,4.007
171,Benin,BEN,2017,4.853
172,Benin,BEN,2018,5.82
173,Benin,BEN,2019,4.976
174,Benin,BEN,2020,4.408
175,Bhutan,BTN,2013,5.569
176,Bhutan,BTN,2014,4.939
177,Bhutan,BTN,2015,5.082
178,Bolivia,BOL,2006,5.374
179,Bolivia,BOL,2007,5.628
180,Bolivia,BOL,2008,5.298
181,Bolivia,BOL,2009,6.086
182,Bolivia,BOL,2010,5.781
183,Bolivia,BOL,2011,5.779
184,Bolivia,BOL,2012,6.019
185,Bolivia,BOL,2013,5.767
186,Bolivia,BOL,2014,5.865
187,Bolivia,BOL,2015,5.834
188,Bolivia,BOL,2016,5.77
189,Bolivia,BOL,2017,5.651
190,Bolivia,BOL,2018,5.916
191,Bolivia,BOL,2019,5.674
192,Bolivia,BOL,2020,5.559
193,Bosnia and Herzegovina,BIH,2007,4.9
194,Bosnia and Herzegovina,BIH,2009,4.963
195,Bosnia and Herzegovina,BIH,2010,4.669
196,Bosnia and Herzegovina,BIH,2011,4.995
197,Bosnia and Herzegovina,BIH,2012,4.773
198,Bosnia and Herzegovina,BIH,2013,5.124
199,Bosnia and Herzegovina,BIH,2014,5.249
200,Bosnia and Herzegovina,BIH,2015,5.117
201,Bosnia and Herzegovina,BIH,2016,5.181
202,Bosnia and Herzegovina,BIH,2017,5.09
203,Bosnia and Herzegovina,BIH,2018,5.887
204,Bosnia and Herzegovina,BIH,2019,6.016
205,Bosnia and Herzegovina,BIH,2020,5.516
206,Botswana,BWA,2006,4.739
207,Botswana,BWA,2008,5.451
208,Botswana,BWA,2010,3.553
209,Botswana,BWA,2011,3.52
210,Botswana,BWA,2012,4.836
211,Botswana,BWA,2013,4.128
212,Botswana,BWA,2014,4.031
213,Botswana,BWA,2015,3.762
214,Botswana,BWA,2016,3.499
215,Botswana,BWA,2017,3.505
216,Botswana,BWA,2018,3.461
217,Botswana,BWA,2019,3.471
218,Brazil,BRA,2005,6.637
219,Brazil,BRA,2007,6.321
220,Brazil,BRA,2008,6.691
221,Brazil,BRA,2009,7.001
222,Brazil,BRA,2010,6.837
223,Brazil,BRA,2011,7.038
224,Brazil,BRA,2012,6.66
225,Brazil,BRA,2013,7.14
226,Brazil,BRA,2014,6.981
227,Brazil,BRA,2015,6.547
228,Brazil,BRA,2016,6.375
229,Brazil,BRA,2017,6.333
230,Brazil,BRA,2018,6.191
231,Brazil,BRA,2019,6.451
232,Brazil,BRA,2020,6.11
233,Bulgaria,BGR,2007,3.844
234,Bulgaria,BGR,2010,3.912
235,Bulgaria,BGR,2011,3.875
236,Bulgaria,BGR,2012,4.222
237,Bulgaria,BGR,2013,3.993
238,Bulgaria,BGR,2014,4.438
239,Bulgaria,BGR,2015,4.865
240,Bulgaria,BGR,2016,4.838
241,Bulgaria,BGR,2017,5.097
242,Bulgaria,BGR,2018,5.099
243,Bulgaria,BGR,2019,5.108
244,Bulgaria,BGR,2020,5.598
245,Burkina Faso,BFA,2006,3.801
246,Burkina Faso,BFA,2007,4.017
247,Burkina Faso,BFA,2008,3.846
248,Burkina Faso,BFA,2010,4.036
249,Burkina Faso,BFA,2011,4.785
250,Burkina Faso,BFA,2012,3.955
251,Burkina Faso,BFA,2013,3.326
252,Burkina Faso,BFA,2014,3.481
253,Burkina Faso,BFA,2015,4.419
254,Burkina Faso,BFA,2016,4.206
255,Burkina Faso,BFA,2017,4.647
256,Burkina Faso,BFA,2018,4.927
257,Burkina Faso,BFA,2019,4.741
258,Burundi,BDI,2008,3.563
259,Burundi,BDI,2009,3.792
260,Burundi,BDI,2011,3.706
261,Burundi,BDI,2014,2.905
262,Burundi,BDI,2018,3.775
263,Cambodia,KHM,2006,3.569
264,Cambodia,KHM,2007,4.156
265,Cambodia,KHM,2008,4.462
266,Cambodia,KHM,2009,4.111
267,Cambodia,KHM,2010,4.141
268,Cambodia,KHM,2011,4.161
269,Cambodia,KHM,2012,3.899
270,Cambodia,KHM,2013,3.674
271,Cambodia,KHM,2014,3.883
272,Cambodia,KHM,2015,4.162
273,Cambodia,KHM,2016,4.461
274,Cambodia,KHM,2017,4.586
275,Cambodia,KHM,2018,5.122
276,Cambodia,KHM,2019,4.998
277,Cambodia,KHM,2020,4.377
278,Cameroon,CMR,2006,3.851
279,Cameroon,CMR,2007,4.35
280,Cameroon,CMR,2008,4.292
281,Cameroon,CMR,2009,4.741
282,Cameroon,CMR,2010,4.554
283,Cameroon,CMR,2011,4.434
284,Cameroon,CMR,2012,4.245
285,Cameroon,CMR,2013,4.271
286,Cameroon,CMR,2014,4.24
287,Cameroon,CMR,2015,5.038
288,Cameroon,CMR,2016,4.816
289,Cameroon,CMR,2017,5.074
290,Cameroon,CMR,2018,5.251
291,Cameroon,CMR,2019,4.937
292,Cameroon,CMR,2020,5.241
293,Canada,CAN,2005,7.418
294,Canada,CAN,2007,7.482
295,Canada,CAN,2008,7.486
296,Canada,CAN,2009,7.488
297,Canada,CAN,2010,7.65
298,Canada,CAN,2011,7.426
299,Canada,CAN,2012,7.415
300,Canada,CAN,2013,7.594
301,Canada,CAN,2014,7.304
302,Canada,CAN,2015,7.413
303,Canada,CAN,2016,7.245
304,Canada,CAN,2017,7.415
305,Canada,CAN,2018,7.175
306,Canada,CAN,2019,7.109
307,Canada,CAN,2020,7.025
308,Central African Republic,CAF,2007,4.16
309,Central African Republic,CAF,2010,3.568
310,Central African Republic,CAF,2011,3.678
311,Central African Republic,CAF,2016,2.693
312,Central African Republic,CAF,2017,3.476
313,Chad,TCD,2006,3.435
314,Chad,TCD,2007,4.141
315,Chad,TCD,2008,4.632
316,Chad,TCD,2009,3.639
317,Chad,TCD,2010,3.743
318,Chad,TCD,2011,4.393
319,Chad,TCD,2012,4.033
320,Chad,TCD,2013,3.508
321,Chad,TCD,2014,3.46
322,Chad,TCD,2015,4.323
323,Chad,TCD,2016,4.029
324,Chad,TCD,2017,4.559
325,Chad,TCD,2018,4.486
326,Chad,TCD,2019,4.251
327,Chile,CHL,2006,6.063
328,Chile,CHL,2007,5.698
329,Chile,CHL,2008,5.789
330,Chile,CHL,2009,6.494
331,Chile,CHL,2010,6.636
332,Chile,CHL,2011,6.526
333,Chile,CHL,2012,6.599
334,Chile,CHL,2013,6.74
335,Chile,CHL,2014,6.844
336,Chile,CHL,2015,6.533
337,Chile,CHL,2016,6.579
338,Chile,CHL,2017,6.32
339,Chile,CHL,2018,6.436
340,Chile,CHL,2019,5.942
341,Chile,CHL,2020,6.151
342,China,CHN,2006,4.56
343,China,CHN,2007,4.863
344,China,CHN,2008,4.846
345,China,CHN,2009,4.454
346,China,CHN,2010,4.653
347,China,CHN,2011,5.037
348,China,CHN,2012,5.095
349,China,CHN,2013,5.241
350,China,CHN,2014,5.196
351,China,CHN,2015,5.304
352,China,CHN,2016,5.325
353,China,CHN,2017,5.099
354,China,CHN,2018,5.131
355,China,CHN,2019,5.144
356,China,CHN,2020,5.771
357,Colombia,COL,2006,6.025
358,Colombia,COL,2007,6.138
359,Colombia,COL,2008,6.168
360,Colombia,COL,2009,6.272
361,Colombia,COL,2010,6.408
362,Colombia,COL,2011,6.464
363,Colombia,COL,2012,6.375
364,Colombia,COL,2013,6.607
365,Colombia,COL,2014,6.449
366,Colombia,COL,2015,6.388
367,Colombia,COL,2016,6.234
368,Colombia,COL,2017,6.157
369,Colombia,COL,2018,5.984
370,Colombia,COL,2019,6.35
371,Colombia,COL,2020,5.709
372,Comoros,COM,2009,3.476
373,Comoros,COM,2010,3.812
374,Comoros,COM,2011,3.838
375,Comoros,COM,2012,3.956
376,Comoros,COM,2018,3.973
377,Comoros,COM,2019,4.609
378,Congo,COG,2008,3.82
379,Congo,COG,2011,4.51
380,Congo,COG,2012,3.919
381,Congo,COG,2013,3.955
382,Congo,COG,2014,4.056
383,Congo,COG,2015,4.691
384,Congo,COG,2016,4.119
385,Congo,COG,2017,4.884
386,Congo,COG,2018,5.49
387,Congo,COG,2019,5.213
388,Costa Rica,CRI,2006,7.082
389,Costa Rica,CRI,2007,7.432
390,Costa Rica,CRI,2008,6.851
391,Costa Rica,CRI,2009,7.615
392,Costa Rica,CRI,2010,7.271
393,Costa Rica,CRI,2011,7.229
394,Costa Rica,CRI,2012,7.272
395,Costa Rica,CRI,2013,7.158
396,Costa Rica,CRI,2014,7.247
397,Costa Rica,CRI,2015,6.854
398,Costa Rica,CRI,2016,7.136
399,Costa Rica,CRI,2017,7.225
400,Costa Rica,CRI,2018,7.141
401,Costa Rica,CRI,2019,6.998
402,Cote d'Ivoire,CIV,2009,4.197
403,Cote d'Ivoire,CIV,2013,3.739
404,Cote d'Ivoire,CIV,2014,3.57
405,Cote d'Ivoire,CIV,2015,4.445
406,Cote d'Ivoire,CIV,2016,4.543
407,Cote d'Ivoire,CIV,2017,5.038
408,Cote d'Ivoire,CIV,2018,5.268
409,Cote d'Ivoire,CIV,2019,5.392
410,Cote d'Ivoire,CIV,2020,5.257
411,Croatia,HRV,2007,5.821
412,Croatia,HRV,2009,5.433
413,Croatia,HRV,2010,5.596
414,Croatia,HRV,2011,5.385
415,Croatia,HRV,2012,6.028
416,Croatia,HRV,2013,5.885
417,Croatia,HRV,2014,5.381
418,Croatia,HRV,2015,5.205
419,Croatia,HRV,2016,5.417
420,Croatia,HRV,2017,5.343
421,Croatia,HRV,2018,5.536
422,Croatia,HRV,2019,5.626
423,Croatia,HRV,2020,6.508
424,Cuba,CUB,2006,5.418
425,Cyprus,CYP,2006,6.238
426,Cyprus,CYP,2009,6.833
427,Cyprus,CYP,2010,6.387
428,Cyprus,CYP,2011,6.69
429,Cyprus,CYP,2012,6.181
430,Cyprus,CYP,2013,5.439
431,Cyprus,CYP,2014,5.627
432,Cyprus,CYP,2015,5.439
433,Cyprus,CYP,2016,5.795
434,Cyprus,CYP,2017,6.062
435,Cyprus,CYP,2018,6.276
436,Cyprus,CYP,2019,6.137
437,Cyprus,CYP,2020,6.26
438,Czechia,CZE,2005,6.439
439,Czechia,CZE,2007,6.5
440,Czechia,CZE,2010,6.25
441,Czechia,CZE,2011,6.331
442,Czechia,CZE,2012,6.334
443,Czechia,CZE,2013,6.698
444,Czechia,CZE,2014,6.484
445,Czechia,CZE,2015,6.608
446,Czechia,CZE,2016,6.736
447,Czechia,CZE,2017,6.79
448,Czechia,CZE,2018,7.034
449,Czechia,CZE,2020,6.897
450,Democratic Republic of Congo,COD,2009,3.984
451,Democratic Republic of Congo,COD,2011,4.517
452,Democratic Republic of Congo,COD,2012,4.639
453,Democratic Republic of Congo,COD,2013,4.497
454,Democratic Republic of Congo,COD,2014,4.414
455,Democratic Republic of Congo,COD,2015,3.903
456,Democratic Republic of Congo,COD,2016,4.522
457,Democratic Republic of Congo,COD,2017,4.311
458,Denmark,DNK,2005,8.019
459,Denmark,DNK,2007,7.834
460,Denmark,DNK,2008,7.971
461,Denmark,DNK,2009,7.683
462,Denmark,DNK,2010,7.771
463,Denmark,DNK,2011,7.788
464,Denmark,DNK,2012,7.52
465,Denmark,DNK,2013,7.589
466,Denmark,DNK,2014,7.508
467,Denmark,DNK,2015,7.514
468,Denmark,DNK,2016,7.558
469,Denmark,DNK,2017,7.594
470,Denmark,DNK,2018,7.649
471,Denmark,DNK,2019,7.693
472,Denmark,DNK,2020,7.515
473,Djibouti,DJI,2008,5.009
474,Djibouti,DJI,2009,4.906
475,Djibouti,DJI,2010,5.006
476,Djibouti,DJI,2011,4.369
477,Dominican Republic,DOM,2006,5.088
478,Dominican Republic,DOM,2007,5.081
479,Dominican Republic,DOM,2008,4.842
480,Dominican Republic,DOM,2009,5.432
481,Dominican Republic,DOM,2010,4.735
482,Dominican Republic,DOM,2011,5.397
483,Dominican Republic,DOM,2012,4.753
484,Dominican Republic,DOM,2013,5.016
485,Dominican Republic,DOM,2014,5.387
486,Dominican Republic,DOM,2015,5.062
487,Dominican Republic,DOM,2016,5.239
488,Dominican Republic,DOM,2017,5.605
489,Dominican Republic,DOM,2018,5.433
490,Dominican Republic,DOM,2019,6.004
491,Dominican Republic,DOM,2020,5.168
492,Ecuador,ECU,2006,5.024
493,Ecuador,ECU,2007,4.996
494,Ecuador,ECU,2008,5.297
495,Ecuador,ECU,2009,6.022
496,Ecuador,ECU,2010,5.838
497,Ecuador,ECU,2011,5.795
498,Ecuador,ECU,2012,5.961
499,Ecuador,ECU,2013,6.019
500,Ecuador,ECU,2014,5.946
501,Ecuador,ECU,2015,5.964
502,Ecuador,ECU,2016,6.115
503,Ecuador,ECU,2017,5.84
504,Ecuador,ECU,2018,6.128
505,Ecuador,ECU,2019,5.809
506,Ecuador,ECU,2020,5.354
507,Egypt,EGY,2005,5.168
508,Egypt,EGY,2007,5.541
509,Egypt,EGY,2008,4.632
510,Egypt,EGY,2009,5.066
511,Egypt,EGY,2010,4.669
512,Egypt,EGY,2011,4.174
513,Egypt,EGY,2012,4.204
514,Egypt,EGY,2013,3.559
515,Egypt,EGY,2014,4.885
516,Egypt,EGY,2015,4.763
517,Egypt,EGY,2016,4.557
518,Egypt,EGY,2017,3.929
519,Egypt,EGY,2018,4.005
520,Egypt,EGY,2019,4.328
521,Egypt,EGY,2020,4.472
522,El Salvador,SLV,2006,5.701
523,El Salvador,SLV,2007,5.296
524,El Salvador,SLV,2008,5.191
525,El Salvador,SLV,2009,6.839
526,El Salvador,SLV,2010,6.74
527,El Salvador,SLV,2011,4.741
528,El Salvador,SLV,2012,5.934
529,El Salvador,SLV,2013,6.325
530,El Salvador,SLV,2014,5.857
531,El Salvador,SLV,2015,6.018
532,El Salvador,SLV,2016,6.14
533,El Salvador,SLV,2017,6.339
534,El Salvador,SLV,2018,6.241
535,El Salvador,SLV,2019,6.455
536,El Salvador,SLV,2020,5.462
537,Estonia,EST,2006,5.371
538,Estonia,EST,2007,5.332
539,Estonia,EST,2008,5.452
540,Estonia,EST,2009,5.138
541,Estonia,EST,2011,5.487
542,Estonia,EST,2012,5.364
543,Estonia,EST,2013,5.367
544,Estonia,EST,2014,5.556
545,Estonia,EST,2015,5.629
546,Estonia,EST,2016,5.65
547,Estonia,EST,2017,5.938
548,Estonia,EST,2018,6.091
549,Estonia,EST,2019,6.035
550,Estonia,EST,2020,6.453
551,Eswatini,SWZ,2011,4.867
552,Eswatini,SWZ,2018,4.212
553,Eswatini,SWZ,2019,4.396
554,Ethiopia,ETH,2012,4.561
555,Ethiopia,ETH,2013,4.445
556,Ethiopia,ETH,2014,4.507
557,Ethiopia,ETH,2015,4.573
558,Ethiopia,ETH,2016,4.298
559,Ethiopia,ETH,2017,4.18
560,Ethiopia,ETH,2018,4.379
561,Ethiopia,ETH,2019,4.1
562,Ethiopia,ETH,2020,4.549
563,Finland,FIN,2006,7.672
564,Finland,FIN,2008,7.671
565,Finland,FIN,2010,7.393
566,Finland,FIN,2011,7.354
567,Finland,FIN,2012,7.42
568,Finland,FIN,2013,7.445
569,Finland,FIN,2014,7.385
570,Finland,FIN,2015,7.448
571,Finland,FIN,2016,7.66
572,Finland,FIN,2017,7.788
573,Finland,FIN,2018,7.858
574,Finland,FIN,2019,7.78
575,Finland,FIN,2020,7.889
576,France,FRA,2005,7.093
577,France,FRA,2006,6.583
578,France,FRA,2008,7.008
579,France,FRA,2009,6.283
580,France,FRA,2010,6.798
581,France,FRA,2011,6.959
582,France,FRA,2012,6.649
583,France,FRA,2013,6.667
584,France,FRA,2014,6.467
585,France,FRA,2015,6.358
586,France,FRA,2016,6.475
587,France,FRA,2017,6.635
588,France,FRA,2018,6.666
589,France,FRA,2019,6.69
590,France,FRA,2020,6.714
591,Gabon,GAB,2011,4.255
592,Gabon,GAB,2012,3.972
593,Gabon,GAB,2013,3.8
594,Gabon,GAB,2014,3.918
595,Gabon,GAB,2015,4.661
596,Gabon,GAB,2016,4.832
597,Gabon,GAB,2017,4.782
598,Gabon,GAB,2018,4.783
599,Gabon,GAB,2019,4.914
600,Gambia,GMB,2017,4.118
601,Gambia,GMB,2018,4.922
602,Gambia,GMB,2019,5.164
603,Georgia,GEO,2006,3.675
604,Georgia,GEO,2007,3.707
605,Georgia,GEO,2008,4.156
606,Georgia,GEO,2009,3.801
607,Georgia,GEO,2010,4.102
608,Georgia,GEO,2011,4.203
609,Georgia,GEO,2012,4.254
610,Georgia,GEO,2013,4.349
611,Georgia,GEO,2014,4.288
612,Georgia,GEO,2015,4.122
613,Georgia,GEO,2016,4.448
614,Georgia,GEO,2017,4.451
615,Georgia,GEO,2018,4.659
616,Georgia,GEO,2019,4.892
617,Georgia,GEO,2020,5.123
618,Germany,DEU,2005,6.62
619,Germany,DEU,2007,6.417
620,Germany,DEU,2008,6.522
621,Germany,DEU,2009,6.641
622,Germany,DEU,2010,6.725
623,Germany,DEU,2011,6.621
624,Germany,DEU,2012,6.702
625,Germany,DEU,2013,6.965
626,Germany,DEU,2014,6.984
627,Germany,DEU,2015,7.037
628,Germany,DEU,2016,6.874
629,Germany,DEU,2017,7.074
630,Germany,DEU,2018,7.118
631,Germany,DEU,2019,7.035
632,Germany,DEU,2020,7.312
633,Ghana,GHA,2006,4.535
634,Ghana,GHA,2007,5.22
635,Ghana,GHA,2008,4.965
636,Ghana,GHA,2009,4.198
637,Ghana,GHA,2010,4.606
638,Ghana,GHA,2011,5.608
639,Ghana,GHA,2012,5.057
640,Ghana,GHA,2013,4.965
641,Ghana,GHA,2014,3.86
642,Ghana,GHA,2015,3.986
643,Ghana,GHA,2016,4.514
644,Ghana,GHA,2017,5.481
645,Ghana,GHA,2018,5.004
646,Ghana,GHA,2019,4.967
647,Ghana,GHA,2020,5.319
648,Greece,GRC,2005,6.006
649,Greece,GRC,2007,6.647
650,Greece,GRC,2009,6.039
651,Greece,GRC,2010,5.84
652,Greece,GRC,2011,5.372
653,Greece,GRC,2012,5.096
654,Greece,GRC,2013,4.72
655,Greece,GRC,2014,4.756
656,Greece,GRC,2015,5.623
657,Greece,GRC,2016,5.303
658,Greece,GRC,2017,5.148
659,Greece,GRC,2018,5.409
660,Greece,GRC,2019,5.952
661,Greece,GRC,2020,5.788
662,Guatemala,GTM,2006,5.901
663,Guatemala,GTM,2007,6.33
664,Guatemala,GTM,2008,6.414
665,Guatemala,GTM,2009,6.452
666,Guatemala,GTM,2010,6.29
667,Guatemala,GTM,2011,5.743
668,Guatemala,GTM,2012,5.856
669,Guatemala,GTM,2013,5.985
670,Guatemala,GTM,2014,6.536
671,Guatemala,GTM,2015,6.465
672,Guatemala,GTM,2016,6.359
673,Guatemala,GTM,2017,6.325
674,Guatemala,GTM,2018,6.627
675,Guatemala,GTM,2019,6.262
676,Guinea,GIN,2011,4.045
677,Guinea,GIN,2012,3.652
678,Guinea,GIN,2013,3.902
679,Guinea,GIN,2014,3.412
680,Guinea,GIN,2015,3.505
681,Guinea,GIN,2016,3.603
682,Guinea,GIN,2017,4.874
683,Guinea,GIN,2018,5.252
684,Guinea,GIN,2019,4.768
685,Guyana,GUY,2007,5.993
686,Haiti,HTI,2006,3.754
687,Haiti,HTI,2008,3.846
688,Haiti,HTI,2010,3.766
689,Haiti,HTI,2011,4.845
690,Haiti,HTI,2012,4.413
691,Haiti,HTI,2013,4.622
692,Haiti,HTI,2014,3.889
693,Haiti,HTI,2015,3.57
694,Haiti,HTI,2016,3.352
695,Haiti,HTI,2017,3.824
696,Haiti,HTI,2018,3.615
697,Honduras,HND,2006,5.397
698,Honduras,HND,2007,5.097
699,Honduras,HND,2008,5.42
700,Honduras,HND,2009,6.033
701,Honduras,HND,2010,5.866
702,Honduras,HND,2011,4.961
703,Honduras,HND,2012,4.602
704,Honduras,HND,2013,4.713
705,Honduras,HND,2014,5.056
706,Honduras,HND,2015,4.845
707,Honduras,HND,2016,5.648
708,Honduras,HND,2017,6.02
709,Honduras,HND,2018,5.908
710,Honduras,HND,2019,5.93
711,Hong Kong,HKG,2006,5.511
712,Hong Kong,HKG,2008,5.137
713,Hong Kong,HKG,2009,5.397
714,Hong Kong,HKG,2010,5.643
715,Hong Kong,HKG,2011,5.474
716,Hong Kong,HKG,2012,5.484
717,Hong Kong,HKG,2014,5.458
718,Hong Kong,HKG,2016,5.498
719,Hong Kong,HKG,2017,5.362
720,Hong Kong,HKG,2019,5.659
721,Hong Kong,HKG,2020,5.295
722,Hungary,HUN,2005,5.194
723,Hungary,HUN,2007,4.954
724,Hungary,HUN,2009,4.895
725,Hungary,HUN,2010,4.725
726,Hungary,HUN,2011,4.918
727,Hungary,HUN,2012,4.683
728,Hungary,HUN,2013,4.914
729,Hungary,HUN,2014,5.181
730,Hungary,HUN,2015,5.344
731,Hungary,HUN,2016,5.449
732,Hungary,HUN,2017,6.065
733,Hungary,HUN,2018,5.936
734,Hungary,HUN,2019,6.0
735,Hungary,HUN,2020,6.038
736,Iceland,ISL,2008,6.888
737,Iceland,ISL,2012,7.591
738,Iceland,ISL,2013,7.501
739,Iceland,ISL,2015,7.498
740,Iceland,ISL,2016,7.51
741,Iceland,ISL,2017,7.476
742,Iceland,ISL,2019,7.533
743,Iceland,ISL,2020,7.575
744,India,IND,2006,5.348
745,India,IND,2007,5.027
746,India,IND,2008,5.146
747,India,IND,2009,4.522
748,India,IND,2010,4.989
749,India,IND,2011,4.635
750,India,IND,2012,4.72
751,India,IND,2013,4.428
752,India,IND,2014,4.424
753,India,IND,2015,4.342
754,India,IND,2016,4.179
755,India,IND,2017,4.046
756,India,IND,2018,3.818
757,India,IND,2019,3.249
758,India,IND,2020,4.225
759,Indonesia,IDN,2006,4.947
760,Indonesia,IDN,2007,5.101
761,Indonesia,IDN,2008,4.815
762,Indonesia,IDN,2009,5.472
763,Indonesia,IDN,2010,5.457
764,Indonesia,IDN,2011,5.173
765,Indonesia,IDN,2012,5.368
766,Indonesia,IDN,2013,5.292
767,Indonesia,IDN,2014,5.597
768,Indonesia,IDN,2015,5.043
769,Indonesia,IDN,2016,5.136
770,Indonesia,IDN,2017,5.098
771,Indonesia,IDN,2018,5.34
772,Indonesia,IDN,2019,5.347
773,Iran,IRN,2005,5.308
774,Iran,IRN,2007,5.336
775,Iran,IRN,2008,5.129
776,Iran,IRN,2011,4.768
777,Iran,IRN,2012,4.609
778,Iran,IRN,2013,5.14
779,Iran,IRN,2014,4.682
780,Iran,IRN,2015,4.75
781,Iran,IRN,2016,4.653
782,Iran,IRN,2017,4.717
783,Iran,IRN,2018,4.278
784,Iran,IRN,2019,5.006
785,Iran,IRN,2020,4.865
786,Iraq,IRQ,2008,4.59
787,Iraq,IRQ,2009,4.775
788,Iraq,IRQ,2010,5.065
789,Iraq,IRQ,2011,4.725
790,Iraq,IRQ,2012,4.66
791,Iraq,IRQ,2013,4.725
792,Iraq,IRQ,2014,4.542
793,Iraq,IRQ,2015,4.493
794,Iraq,IRQ,2016,4.413
795,Iraq,IRQ,2017,4.462
796,Iraq,IRQ,2018,4.886
797,Iraq,IRQ,2020,4.785
798,Ireland,IRL,2006,7.144
799,Ireland,IRL,2008,7.568
800,Ireland,IRL,2009,7.046
801,Ireland,IRL,2010,7.257
802,Ireland,IRL,2011,7.007
803,Ireland,IRL,2012,6.965
804,Ireland,IRL,2013,6.76
805,Ireland,IRL,2014,7.018
806,Ireland,IRL,2015,6.83
807,Ireland,IRL,2016,7.041
808,Ireland,IRL,2017,7.06
809,Ireland,IRL,2018,6.962
810,Ireland,IRL,2019,7.255
811,Ireland,IRL,2020,7.035
812,Israel,ISR,2006,7.173
813,Israel,ISR,2007,6.841
814,Israel,ISR,2008,7.261
815,Israel,ISR,2009,7.353
816,Israel,ISR,2010,7.359
817,Israel,ISR,2011,7.433
818,Israel,ISR,2012,7.111
819,Israel,ISR,2013,7.321
820,Israel,ISR,2014,7.401
821,Israel,ISR,2015,7.079
822,Israel,ISR,2016,7.159
823,Israel,ISR,2017,7.331
824,Israel,ISR,2018,6.927
825,Israel,ISR,2019,7.332
826,Israel,ISR,2020,7.195
827,Italy,ITA,2005,6.854
828,Italy,ITA,2007,6.574
829,Italy,ITA,2008,6.78
830,Italy,ITA,2009,6.334
831,Italy,ITA,2010,6.354
832,Italy,ITA,2011,6.057
833,Italy,ITA,2012,5.839
834,Italy,ITA,2013,6.009
835,Italy,ITA,2014,6.027
836,Italy,ITA,2015,5.848
837,Italy,ITA,2016,5.955
838,Italy,ITA,2017,6.199
839,Italy,ITA,2018,6.517
840,Italy,ITA,2019,6.445
841,Italy,ITA,2020,6.488
842,Jamaica,JAM,2006,6.208
843,Jamaica,JAM,2011,5.374
844,Jamaica,JAM,2013,5.709
845,Jamaica,JAM,2014,5.311
846,Jamaica,JAM,2017,5.89
847,Jamaica,JAM,2019,6.309
848,Japan,JPN,2005,6.516
849,Japan,JPN,2007,6.238
850,Japan,JPN,2008,5.911
851,Japan,JPN,2009,5.845
852,Japan,JPN,2010,6.057
853,Japan,JPN,2011,6.263
854,Japan,JPN,2012,5.968
855,Japan,JPN,2013,5.959
856,Japan,JPN,2014,5.923
857,Japan,JPN,2015,5.88
858,Japan,JPN,2016,5.955
859,Japan,JPN,2017,5.911
860,Japan,JPN,2018,5.794
861,Japan,JPN,2019,5.908
862,Japan,JPN,2020,6.118
863,Jordan,JOR,2005,6.295
864,Jordan,JOR,2007,5.598
865,Jordan,JOR,2008,4.93
866,Jordan,JOR,2009,6.0
867,Jordan,JOR,2010,5.57
868,Jordan,JOR,2011,5.539
869,Jordan,JOR,2012,5.132
870,Jordan,JOR,2013,5.172
871,Jordan,JOR,2014,5.333
872,Jordan,JOR,2015,5.405
873,Jordan,JOR,2016,5.271
874,Jordan,JOR,2017,4.808
875,Jordan,JOR,2018,4.639
876,Jordan,JOR,2019,4.453
877,Jordan,JOR,2020,4.094
878,Kazakhstan,KAZ,2006,5.476
879,Kazakhstan,KAZ,2007,5.719
880,Kazakhstan,KAZ,2008,5.886
881,Kazakhstan,KAZ,2009,5.383
882,Kazakhstan,KAZ,2010,5.514
883,Kazakhstan,KAZ,2011,5.736
884,Kazakhstan,KAZ,2012,5.759
885,Kazakhstan,KAZ,2013,5.835
886,Kazakhstan,KAZ,2014,5.97
887,Kazakhstan,KAZ,2015,5.95
888,Kazakhstan,KAZ,2016,5.534
889,Kazakhstan,KAZ,2017,5.882
890,Kazakhstan,KAZ,2018,6.008
891,Kazakhstan,KAZ,2019,6.272
892,Kazakhstan,KAZ,2020,6.168
893,Kenya,KEN,2006,4.223
894,Kenya,KEN,2007,4.576
895,Kenya,KEN,2008,4.015
896,Kenya,KEN,2009,4.27
897,Kenya,KEN,2010,4.256
898,Kenya,KEN,2011,4.405
899,Kenya,KEN,2012,4.547
900,Kenya,KEN,2013,3.795
901,Kenya,KEN,2014,4.905
902,Kenya,KEN,2015,4.358
903,Kenya,KEN,2016,4.396
904,Kenya,KEN,2017,4.476
905,Kenya,KEN,2018,4.656
906,Kenya,KEN,2019,4.619
907,Kenya,KEN,2020,4.547
908,Kosovo,OWID_KOS,2007,5.104
909,Kosovo,OWID_KOS,2008,5.522
910,Kosovo,OWID_KOS,2009,5.891
911,Kosovo,OWID_KOS,2010,5.177
912,Kosovo,OWID_KOS,2011,4.86
913,Kosovo,OWID_KOS,2012,5.64
914,Kosovo,OWID_KOS,2013,6.126
915,Kosovo,OWID_KOS,2014,5.0
916,Kosovo,OWID_KOS,2015,5.077
917,Kosovo,OWID_KOS,2016,5.759
918,Kosovo,OWID_KOS,2017,6.149
919,Kosovo,OWID_KOS,2018,6.392
920,Kosovo,OWID_KOS,2019,6.425
921,Kosovo,OWID_KOS,2020,6.294
922,Kuwait,KWT,2006,6.076
923,Kuwait,KWT,2009,6.585
924,Kuwait,KWT,2010,6.798
925,Kuwait,KWT,2011,6.378
926,Kuwait,KWT,2012,6.221
927,Kuwait,KWT,2013,6.48
928,Kuwait,KWT,2014,6.18
929,Kuwait,KWT,2015,6.146
930,Kuwait,KWT,2016,5.947
931,Kuwait,KWT,2017,6.094
932,Kuwait,KWT,2019,6.106
933,Kyrgyzstan,KGZ,2006,4.641
934,Kyrgyzstan,KGZ,2007,4.698
935,Kyrgyzstan,KGZ,2008,4.737
936,Kyrgyzstan,KGZ,2009,5.069
937,Kyrgyzstan,KGZ,2010,4.996
938,Kyrgyzstan,KGZ,2011,4.921
939,Kyrgyzstan,KGZ,2012,5.208
940,Kyrgyzstan,KGZ,2013,5.402
941,Kyrgyzstan,KGZ,2014,5.252
942,Kyrgyzstan,KGZ,2015,4.905
943,Kyrgyzstan,KGZ,2016,4.857
944,Kyrgyzstan,KGZ,2017,5.63
945,Kyrgyzstan,KGZ,2018,5.297
946,Kyrgyzstan,KGZ,2019,5.685
947,Kyrgyzstan,KGZ,2020,6.25
948,Laos,LAO,2006,5.076
949,Laos,LAO,2007,5.364
950,Laos,LAO,2008,5.044
951,Laos,LAO,2011,4.704
952,Laos,LAO,2012,4.876
953,Laos,LAO,2017,4.623
954,Laos,LAO,2018,4.859
955,Laos,LAO,2019,5.197
956,Laos,LAO,2020,5.284
957,Latvia,LVA,2006,4.71
958,Latvia,LVA,2007,4.667
959,Latvia,LVA,2008,5.145
960,Latvia,LVA,2009,4.669
961,Latvia,LVA,2011,4.967
962,Latvia,LVA,2012,5.125
963,Latvia,LVA,2013,5.07
964,Latvia,LVA,2014,5.729
965,Latvia,LVA,2015,5.881
966,Latvia,LVA,2016,5.94
967,Latvia,LVA,2017,5.978
968,Latvia,LVA,2018,5.901
969,Latvia,LVA,2019,5.97
970,Latvia,LVA,2020,6.229
971,Lebanon,LBN,2005,5.491
972,Lebanon,LBN,2006,4.653
973,Lebanon,LBN,2008,4.595
974,Lebanon,LBN,2009,5.206
975,Lebanon,LBN,2010,5.032
976,Lebanon,LBN,2011,5.188
977,Lebanon,LBN,2012,4.573
978,Lebanon,LBN,2013,4.983
979,Lebanon,LBN,2014,5.233
980,Lebanon,LBN,2015,5.172
981,Lebanon,LBN,2016,5.271
982,Lebanon,LBN,2017,5.154
983,Lebanon,LBN,2018,5.167
984,Lebanon,LBN,2019,4.024
985,Lesotho,LSO,2011,4.898
986,Lesotho,LSO,2016,3.808
987,Lesotho,LSO,2017,3.795
988,Lesotho,LSO,2019,3.512
989,Liberia,LBR,2007,3.701
990,Liberia,LBR,2008,4.221
991,Liberia,LBR,2010,4.196
992,Liberia,LBR,2014,4.571
993,Liberia,LBR,2015,2.702
994,Liberia,LBR,2016,3.355
995,Liberia,LBR,2017,4.424
996,Liberia,LBR,2018,4.135
997,Liberia,LBR,2019,5.121
998,Libya,LBY,2012,5.754
999,Libya,LBY,2015,5.615
1000,Libya,LBY,2016,5.434
1001,Libya,LBY,2017,5.647
1002,Libya,LBY,2018,5.494
1003,Libya,LBY,2019,5.33
1004,Lithuania,LTU,2006,5.954
1005,Lithuania,LTU,2007,5.808
1006,Lithuania,LTU,2008,5.554
1007,Lithuania,LTU,2009,5.467
1008,Lithuania,LTU,2010,5.066
1009,Lithuania,LTU,2011,5.432
1010,Lithuania,LTU,2012,5.771
1011,Lithuania,LTU,2013,5.596
1012,Lithuania,LTU,2014,6.126
1013,Lithuania,LTU,2015,5.711
1014,Lithuania,LTU,2016,5.866
1015,Lithuania,LTU,2017,6.273
1016,Lithuania,LTU,2018,6.309
1017,Lithuania,LTU,2019,6.064
1018,Lithuania,LTU,2020,6.391
1019,Luxembourg,LUX,2009,6.958
1020,Luxembourg,LUX,2010,7.097
1021,Luxembourg,LUX,2011,7.101
1022,Luxembourg,LUX,2012,6.964
1023,Luxembourg,LUX,2013,7.131
1024,Luxembourg,LUX,2014,6.891
1025,Luxembourg,LUX,2015,6.702
1026,Luxembourg,LUX,2016,6.967
1027,Luxembourg,LUX,2017,7.061
1028,Luxembourg,LUX,2018,7.243
1029,Luxembourg,LUX,2019,7.404
1030,Madagascar,MDG,2006,3.98
1031,Madagascar,MDG,2008,4.64
1032,Madagascar,MDG,2011,4.381
1033,Madagascar,MDG,2012,3.551
1034,Madagascar,MDG,2013,3.816
1035,Madagascar,MDG,2014,3.676
1036,Madagascar,MDG,2015,3.593
1037,Madagascar,MDG,2016,3.663
1038,Madagascar,MDG,2017,4.079
1039,Madagascar,MDG,2018,4.071
1040,Madagascar,MDG,2019,4.339
1041,Malawi,MWI,2006,3.83
1042,Malawi,MWI,2007,4.891
1043,Malawi,MWI,2009,5.148
1044,Malawi,MWI,2011,3.946
1045,Malawi,MWI,2012,4.279
1046,Malawi,MWI,2013,4.035
1047,Malawi,MWI,2014,4.563
1048,Malawi,MWI,2015,3.868
1049,Malawi,MWI,2016,3.476
1050,Malawi,MWI,2017,3.417
1051,Malawi,MWI,2018,3.335
1052,Malawi,MWI,2019,3.869
1053,Malaysia,MYS,2006,6.012
1054,Malaysia,MYS,2007,6.239
1055,Malaysia,MYS,2008,5.807
1056,Malaysia,MYS,2009,5.385
1057,Malaysia,MYS,2010,5.58
1058,Malaysia,MYS,2011,5.786
1059,Malaysia,MYS,2012,5.914
1060,Malaysia,MYS,2013,5.77
1061,Malaysia,MYS,2014,5.963
1062,Malaysia,MYS,2015,6.322
1063,Malaysia,MYS,2018,5.339
1064,Malaysia,MYS,2019,5.428
1065,Maldives,MDV,2018,5.198
1066,Mali,MLI,2006,4.014
1067,Mali,MLI,2008,4.115
1068,Mali,MLI,2009,3.977
1069,Mali,MLI,2010,3.762
1070,Mali,MLI,2011,4.667
1071,Mali,MLI,2012,4.313
1072,Mali,MLI,2013,3.676
1073,Mali,MLI,2014,3.975
1074,Mali,MLI,2015,4.582
1075,Mali,MLI,2016,4.016
1076,Mali,MLI,2017,4.742
1077,Mali,MLI,2018,4.416
1078,Mali,MLI,2019,4.988
1079,Malta,MLT,2009,6.328
1080,Malta,MLT,2010,5.774
1081,Malta,MLT,2011,6.155
1082,Malta,MLT,2012,5.963
1083,Malta,MLT,2013,6.38
1084,Malta,MLT,2014,6.452
1085,Malta,MLT,2015,6.613
1086,Malta,MLT,2016,6.591
1087,Malta,MLT,2017,6.676
1088,Malta,MLT,2018,6.91
1089,Malta,MLT,2019,6.733
1090,Malta,MLT,2020,6.157
1091,Mauritania,MRT,2007,4.149
1092,Mauritania,MRT,2008,4.248
1093,Mauritania,MRT,2009,4.5
1094,Mauritania,MRT,2010,4.772
1095,Mauritania,MRT,2011,4.785
1096,Mauritania,MRT,2012,4.673
1097,Mauritania,MRT,2013,4.199
1098,Mauritania,MRT,2014,4.483
1099,Mauritania,MRT,2015,3.923
1100,Mauritania,MRT,2016,4.472
1101,Mauritania,MRT,2017,4.678
1102,Mauritania,MRT,2018,4.314
1103,Mauritania,MRT,2019,4.153
1104,Mauritius,MUS,2011,5.477
1105,Mauritius,MUS,2014,5.648
1106,Mauritius,MUS,2016,5.61
1107,Mauritius,MUS,2017,6.174
1108,Mauritius,MUS,2018,5.882
1109,Mauritius,MUS,2019,6.241
1110,Mauritius,MUS,2020,6.015
1111,Mexico,MEX,2005,6.581
1112,Mexico,MEX,2007,6.525
1113,Mexico,MEX,2008,6.829
1114,Mexico,MEX,2009,6.963
1115,Mexico,MEX,2010,6.802
1116,Mexico,MEX,2011,6.91
1117,Mexico,MEX,2012,7.32
1118,Mexico,MEX,2013,7.443
1119,Mexico,MEX,2014,6.68
1120,Mexico,MEX,2015,6.236
1121,Mexico,MEX,2016,6.824
1122,Mexico,MEX,2017,6.41
1123,Mexico,MEX,2018,6.55
1124,Mexico,MEX,2019,6.432
1125,Mexico,MEX,2020,5.964
1126,Moldova,MDA,2006,5.102
1127,Moldova,MDA,2007,4.775
1128,Moldova,MDA,2008,5.503
1129,Moldova,MDA,2009,5.554
1130,Moldova,MDA,2010,5.59
1131,Moldova,MDA,2011,5.792
1132,Moldova,MDA,2012,5.996
1133,Moldova,MDA,2013,5.756
1134,Moldova,MDA,2014,5.917
1135,Moldova,MDA,2015,6.017
1136,Moldova,MDA,2016,5.578
1137,Moldova,MDA,2017,5.326
1138,Moldova,MDA,2018,5.682
1139,Moldova,MDA,2019,5.803
1140,Moldova,MDA,2020,5.812
1141,Mongolia,MNG,2007,4.609
1142,Mongolia,MNG,2008,4.493
1143,Mongolia,MNG,2010,4.586
1144,Mongolia,MNG,2011,5.031
1145,Mongolia,MNG,2012,4.885
1146,Mongolia,MNG,2013,4.913
1147,Mongolia,MNG,2014,4.825
1148,Mongolia,MNG,2015,4.983
1149,Mongolia,MNG,2016,5.057
1150,Mongolia,MNG,2017,5.334
1151,Mongolia,MNG,2018,5.465
1152,Mongolia,MNG,2019,5.563
1153,Mongolia,MNG,2020,6.011
1154,Montenegro,MNE,2007,5.196
1155,Montenegro,MNE,2009,4.801
1156,Montenegro,MNE,2010,5.455
1157,Montenegro,MNE,2011,5.223
1158,Montenegro,MNE,2012,5.219
1159,Montenegro,MNE,2013,5.074
1160,Montenegro,MNE,2014,5.283
1161,Montenegro,MNE,2015,5.125
1162,Montenegro,MNE,2016,5.304
1163,Montenegro,MNE,2017,5.615
1164,Montenegro,MNE,2018,5.65
1165,Montenegro,MNE,2019,5.386
1166,Montenegro,MNE,2020,5.722
1167,Morocco,MAR,2010,4.383
1168,Morocco,MAR,2011,5.085
1169,Morocco,MAR,2012,4.97
1170,Morocco,MAR,2013,5.142
1171,Morocco,MAR,2015,5.163
1172,Morocco,MAR,2016,5.386
1173,Morocco,MAR,2017,5.312
1174,Morocco,MAR,2018,4.897
1175,Morocco,MAR,2019,5.057
1176,Morocco,MAR,2020,4.803
1177,Mozambique,MOZ,2006,4.595
1178,Mozambique,MOZ,2007,4.833
1179,Mozambique,MOZ,2008,4.654
1180,Mozambique,MOZ,2011,4.971
1181,Mozambique,MOZ,2015,4.55
1182,Mozambique,MOZ,2017,4.28
1183,Mozambique,MOZ,2018,4.654
1184,Mozambique,MOZ,2019,4.932
1185,Myanmar,MMR,2012,4.439
1186,Myanmar,MMR,2013,4.176
1187,Myanmar,MMR,2014,4.786
1188,Myanmar,MMR,2015,4.224
1189,Myanmar,MMR,2016,4.623
1190,Myanmar,MMR,2017,4.154
1191,Myanmar,MMR,2018,4.411
1192,Myanmar,MMR,2019,4.434
1193,Myanmar,MMR,2020,4.431
1194,Namibia,NAM,2007,4.886
1195,Namibia,NAM,2014,4.574
1196,Namibia,NAM,2017,4.441
1197,Namibia,NAM,2018,4.834
1198,Namibia,NAM,2019,4.436
1199,Namibia,NAM,2020,4.451
1200,Nepal,NPL,2006,4.567
1201,Nepal,NPL,2007,4.748
1202,Nepal,NPL,2008,4.441
1203,Nepal,NPL,2009,4.917
1204,Nepal,NPL,2010,4.35
1205,Nepal,NPL,2011,3.809
1206,Nepal,NPL,2012,4.233
1207,Nepal,NPL,2013,4.605
1208,Nepal,NPL,2014,4.975
1209,Nepal,NPL,2015,4.812
1210,Nepal,NPL,2016,5.1
1211,Nepal,NPL,2017,4.737
1212,Nepal,NPL,2018,4.91
1213,Nepal,NPL,2019,5.449
1214,Netherlands,NLD,2005,7.464
1215,Netherlands,NLD,2007,7.452
1216,Netherlands,NLD,2008,7.631
1217,Netherlands,NLD,2010,7.502
1218,Netherlands,NLD,2011,7.564
1219,Netherlands,NLD,2012,7.471
1220,Netherlands,NLD,2013,7.407
1221,Netherlands,NLD,2014,7.321
1222,Netherlands,NLD,2015,7.324
1223,Netherlands,NLD,2016,7.541
1224,Netherlands,NLD,2017,7.459
1225,Netherlands,NLD,2018,7.463
1226,Netherlands,NLD,2019,7.425
1227,Netherlands,NLD,2020,7.504
1228,New Zealand,NZL,2006,7.305
1229,New Zealand,NZL,2007,7.604
1230,New Zealand,NZL,2008,7.381
1231,New Zealand,NZL,2010,7.224
1232,New Zealand,NZL,2011,7.191
1233,New Zealand,NZL,2012,7.25
1234,New Zealand,NZL,2013,7.28
1235,New Zealand,NZL,2014,7.306
1236,New Zealand,NZL,2015,7.418
1237,New Zealand,NZL,2016,7.226
1238,New Zealand,NZL,2017,7.327
1239,New Zealand,NZL,2018,7.37
1240,New Zealand,NZL,2019,7.205
1241,New Zealand,NZL,2020,7.257
1242,Nicaragua,NIC,2006,4.46
1243,Nicaragua,NIC,2007,4.944
1244,Nicaragua,NIC,2008,5.104
1245,Nicaragua,NIC,2009,5.353
1246,Nicaragua,NIC,2010,5.687
1247,Nicaragua,NIC,2011,5.386
1248,Nicaragua,NIC,2012,5.448
1249,Nicaragua,NIC,2013,5.772
1250,Nicaragua,NIC,2014,6.275
1251,Nicaragua,NIC,2015,5.924
1252,Nicaragua,NIC,2016,6.013
1253,Nicaragua,NIC,2017,6.476
1254,Nicaragua,NIC,2018,5.819
1255,Nicaragua,NIC,2019,6.113
1256,Niger,NER,2006,3.737
1257,Niger,NER,2007,4.277
1258,Niger,NER,2008,4.236
1259,Niger,NER,2009,4.267
1260,Niger,NER,2010,4.101
1261,Niger,NER,2011,4.556
1262,Niger,NER,2012,3.798
1263,Niger,NER,2013,3.716
1264,Niger,NER,2014,4.181
1265,Niger,NER,2015,3.671
1266,Niger,NER,2016,4.235
1267,Niger,NER,2017,4.616
1268,Niger,NER,2018,5.164
1269,Niger,NER,2019,5.004
1270,Nigeria,NGA,2006,4.71
1271,Nigeria,NGA,2007,4.89
1272,Nigeria,NGA,2008,4.939
1273,Nigeria,NGA,2009,4.98
1274,Nigeria,NGA,2010,4.76
1275,Nigeria,NGA,2012,5.493
1276,Nigeria,NGA,2013,4.818
1277,Nigeria,NGA,2015,4.933
1278,Nigeria,NGA,2016,5.22
1279,Nigeria,NGA,2017,5.322
1280,Nigeria,NGA,2018,5.252
1281,Nigeria,NGA,2019,4.356
1282,Nigeria,NGA,2020,5.503
1283,North Macedonia,MKD,2007,4.494
1284,North Macedonia,MKD,2009,4.428
1285,North Macedonia,MKD,2010,4.18
1286,North Macedonia,MKD,2011,4.898
1287,North Macedonia,MKD,2012,4.64
1288,North Macedonia,MKD,2013,5.186
1289,North Macedonia,MKD,2014,5.204
1290,North Macedonia,MKD,2015,4.976
1291,North Macedonia,MKD,2016,5.346
1292,North Macedonia,MKD,2017,5.234
1293,North Macedonia,MKD,2018,5.24
1294,North Macedonia,MKD,2019,5.015
1295,North Macedonia,MKD,2020,5.054
1296,Northern Cyprus,OWID_CYN,2012,5.463
1297,Northern Cyprus,OWID_CYN,2013,5.567
1298,Northern Cyprus,OWID_CYN,2014,5.786
1299,Northern Cyprus,OWID_CYN,2015,5.843
1300,Northern Cyprus,OWID_CYN,2016,5.827
1301,Northern Cyprus,OWID_CYN,2018,5.608
1302,Northern Cyprus,OWID_CYN,2019,5.467
1303,Norway,NOR,2006,7.416
1304,Norway,NOR,2008,7.632
1305,Norway,NOR,2012,7.678
1306,Norway,NOR,2014,7.444
1307,Norway,NOR,2015,7.603
1308,Norway,NOR,2016,7.596
1309,Norway,NOR,2017,7.579
1310,Norway,NOR,2018,7.444
1311,Norway,NOR,2019,7.442
1312,Norway,NOR,2020,7.29
1313,Oman,OMN,2011,6.853
1314,Pakistan,PAK,2005,5.225
1315,Pakistan,PAK,2007,5.671
1316,Pakistan,PAK,2008,4.414
1317,Pakistan,PAK,2009,5.208
1318,Pakistan,PAK,2010,5.786
1319,Pakistan,PAK,2011,5.267
1320,Pakistan,PAK,2012,5.132
1321,Pakistan,PAK,2013,5.138
1322,Pakistan,PAK,2014,5.436
1323,Pakistan,PAK,2015,4.823
1324,Pakistan,PAK,2016,5.549
1325,Pakistan,PAK,2017,5.831
1326,Pakistan,PAK,2018,5.472
1327,Pakistan,PAK,2019,4.443
1328,Palestine,PSE,2006,4.716
1329,Palestine,PSE,2007,4.151
1330,Palestine,PSE,2008,4.386
1331,Palestine,PSE,2009,4.47
1332,Palestine,PSE,2010,4.703
1333,Palestine,PSE,2011,4.751
1334,Palestine,PSE,2012,4.647
1335,Palestine,PSE,2013,4.844
1336,Palestine,PSE,2014,4.722
1337,Palestine,PSE,2015,4.695
1338,Palestine,PSE,2016,4.907
1339,Palestine,PSE,2017,4.628
1340,Palestine,PSE,2018,4.554
1341,Palestine,PSE,2019,4.483
1342,Panama,PAN,2006,6.128
1343,Panama,PAN,2007,6.894
1344,Panama,PAN,2008,6.931
1345,Panama,PAN,2009,7.034
1346,Panama,PAN,2010,7.321
1347,Panama,PAN,2011,7.248
1348,Panama,PAN,2012,6.86
1349,Panama,PAN,2013,6.866
1350,Panama,PAN,2014,6.631
1351,Panama,PAN,2015,6.606
1352,Panama,PAN,2016,6.118
1353,Panama,PAN,2017,6.568
1354,Panama,PAN,2018,6.281
1355,Panama,PAN,2019,6.086
1356,Paraguay,PRY,2006,4.73
1357,Paraguay,PRY,2007,5.272
1358,Paraguay,PRY,2008,5.57
1359,Paraguay,PRY,2009,5.576
1360,Paraguay,PRY,2010,5.841
1361,Paraguay,PRY,2011,5.677
1362,Paraguay,PRY,2012,5.82
1363,Paraguay,PRY,2013,5.936
1364,Paraguay,PRY,2014,5.119
1365,Paraguay,PRY,2015,5.56
1366,Paraguay,PRY,2016,5.801
1367,Paraguay,PRY,2017,5.713
1368,Paraguay,PRY,2019,5.653
1369,Peru,PER,2006,4.811
1370,Peru,PER,2007,5.214
1371,Peru,PER,2008,5.129
1372,Peru,PER,2009,5.519
1373,Peru,PER,2010,5.613
1374,Peru,PER,2011,5.892
1375,Peru,PER,2012,5.825
1376,Peru,PER,2013,5.783
1377,Peru,PER,2014,5.866
1378,Peru,PER,2015,5.577
1379,Peru,PER,2016,5.701
1380,Peru,PER,2017,5.711
1381,Peru,PER,2018,5.68
1382,Peru,PER,2019,5.999
1383,Philippines,PHL,2006,4.67
1384,Philippines,PHL,2007,5.074
1385,Philippines,PHL,2008,4.589
1386,Philippines,PHL,2009,4.88
1387,Philippines,PHL,2010,4.942
1388,Philippines,PHL,2011,4.994
1389,Philippines,PHL,2012,5.002
1390,Philippines,PHL,2013,4.977
1391,Philippines,PHL,2014,5.313
1392,Philippines,PHL,2015,5.547
1393,Philippines,PHL,2016,5.431
1394,Philippines,PHL,2017,5.594
1395,Philippines,PHL,2018,5.869
1396,Philippines,PHL,2019,6.268
1397,Philippines,PHL,2020,5.08
1398,Poland,POL,2005,5.587
1399,Poland,POL,2007,5.886
1400,Poland,POL,2009,5.772
1401,Poland,POL,2010,5.887
1402,Poland,POL,2011,5.646
1403,Poland,POL,2012,5.876
1404,Poland,POL,2013,5.746
1405,Poland,POL,2014,5.75
1406,Poland,POL,2015,6.007
1407,Poland,POL,2016,6.162
1408,Poland,POL,2017,6.201
1409,Poland,POL,2018,6.111
1410,Poland,POL,2019,6.242
1411,Poland,POL,2020,6.139
1412,Portugal,PRT,2006,5.405
1413,Portugal,PRT,2008,5.717
1414,Portugal,PRT,2010,5.095
1415,Portugal,PRT,2011,5.22
1416,Portugal,PRT,2012,4.994
1417,Portugal,PRT,2013,5.158
1418,Portugal,PRT,2014,5.127
1419,Portugal,PRT,2015,5.081
1420,Portugal,PRT,2016,5.447
1421,Portugal,PRT,2017,5.711
1422,Portugal,PRT,2018,5.92
1423,Portugal,PRT,2019,6.095
1424,Portugal,PRT,2020,5.768
1425,Qatar,QAT,2009,6.418
1426,Qatar,QAT,2010,6.85
1427,Qatar,QAT,2011,6.592
1428,Qatar,QAT,2012,6.611
1429,Qatar,QAT,2015,6.375
1430,Romania,ROU,2005,5.049
1431,Romania,ROU,2007,5.394
1432,Romania,ROU,2009,5.368
1433,Romania,ROU,2010,4.909
1434,Romania,ROU,2011,5.023
1435,Romania,ROU,2012,5.167
1436,Romania,ROU,2013,5.082
1437,Romania,ROU,2014,5.727
1438,Romania,ROU,2015,5.777
1439,Romania,ROU,2016,5.969
1440,Romania,ROU,2017,6.09
1441,Romania,ROU,2018,6.151
1442,Romania,ROU,2019,6.13
1443,Russia,RUS,2006,4.964
1444,Russia,RUS,2007,5.223
1445,Russia,RUS,2008,5.619
1446,Russia,RUS,2009,5.158
1447,Russia,RUS,2010,5.385
1448,Russia,RUS,2011,5.389
1449,Russia,RUS,2012,5.621
1450,Russia,RUS,2013,5.537
1451,Russia,RUS,2014,6.037
1452,Russia,RUS,2015,5.996
1453,Russia,RUS,2016,5.855
1454,Russia,RUS,2017,5.579
1455,Russia,RUS,2018,5.514
1456,Russia,RUS,2019,5.441
1457,Russia,RUS,2020,5.495
1458,Rwanda,RWA,2006,4.215
1459,Rwanda,RWA,2008,4.363
1460,Rwanda,RWA,2009,4.03
1461,Rwanda,RWA,2011,4.097
1462,Rwanda,RWA,2012,3.333
1463,Rwanda,RWA,2013,3.466
1464,Rwanda,RWA,2014,3.596
1465,Rwanda,RWA,2015,3.483
1466,Rwanda,RWA,2016,3.333
1467,Rwanda,RWA,2017,3.108
1468,Rwanda,RWA,2018,3.561
1469,Rwanda,RWA,2019,3.268
1470,Saudi Arabia,SAU,2005,7.08
1471,Saudi Arabia,SAU,2007,7.267
1472,Saudi Arabia,SAU,2008,6.811
1473,Saudi Arabia,SAU,2009,6.148
1474,Saudi Arabia,SAU,2010,6.307
1475,Saudi Arabia,SAU,2011,6.7
1476,Saudi Arabia,SAU,2012,6.396
1477,Saudi Arabia,SAU,2013,6.495
1478,Saudi Arabia,SAU,2014,6.278
1479,Saudi Arabia,SAU,2015,6.345
1480,Saudi Arabia,SAU,2016,6.474
1481,Saudi Arabia,SAU,2017,6.294
1482,Saudi Arabia,SAU,2018,6.356
1483,Saudi Arabia,SAU,2019,6.561
1484,Saudi Arabia,SAU,2020,6.56
1485,Senegal,SEN,2006,4.417
1486,Senegal,SEN,2007,4.68
1487,Senegal,SEN,2008,4.683
1488,Senegal,SEN,2009,4.335
1489,Senegal,SEN,2010,4.372
1490,Senegal,SEN,2011,3.834
1491,Senegal,SEN,2012,3.669
1492,Senegal,SEN,2013,3.647
1493,Senegal,SEN,2014,4.395
1494,Senegal,SEN,2015,4.617
1495,Senegal,SEN,2016,4.595
1496,Senegal,SEN,2017,4.683
1497,Senegal,SEN,2018,4.769
1498,Senegal,SEN,2019,5.489
1499,Serbia,SRB,2007,4.75
1500,Serbia,SRB,2009,4.38
1501,Serbia,SRB,2010,4.461
1502,Serbia,SRB,2011,4.815
1503,Serbia,SRB,2012,5.155
1504,Serbia,SRB,2013,5.102
1505,Serbia,SRB,2014,5.113
1506,Serbia,SRB,2015,5.318
1507,Serbia,SRB,2016,5.753
1508,Serbia,SRB,2017,5.122
1509,Serbia,SRB,2018,5.936
1510,Serbia,SRB,2019,6.241
1511,Serbia,SRB,2020,6.042
1512,Sierra Leone,SLE,2006,3.628
1513,Sierra Leone,SLE,2007,3.585
1514,Sierra Leone,SLE,2008,2.997
1515,Sierra Leone,SLE,2010,4.134
1516,Sierra Leone,SLE,2011,4.502
1517,Sierra Leone,SLE,2013,4.514
1518,Sierra Leone,SLE,2014,4.5
1519,Sierra Leone,SLE,2015,4.909
1520,Sierra Leone,SLE,2016,4.733
1521,Sierra Leone,SLE,2017,4.09
1522,Sierra Leone,SLE,2018,4.306
1523,Sierra Leone,SLE,2019,3.447
1524,Singapore,SGP,2006,6.463
1525,Singapore,SGP,2007,6.834
1526,Singapore,SGP,2008,6.642
1527,Singapore,SGP,2009,6.145
1528,Singapore,SGP,2010,6.531
1529,Singapore,SGP,2011,6.561
1530,Singapore,SGP,2013,6.533
1531,Singapore,SGP,2014,7.062
1532,Singapore,SGP,2015,6.62
1533,Singapore,SGP,2016,6.033
1534,Singapore,SGP,2017,6.378
1535,Singapore,SGP,2018,6.375
1536,Singapore,SGP,2019,6.378
1537,Slovakia,SVK,2006,5.265
1538,Slovakia,SVK,2010,6.052
1539,Slovakia,SVK,2011,5.945
1540,Slovakia,SVK,2012,5.911
1541,Slovakia,SVK,2013,5.937
1542,Slovakia,SVK,2014,6.139
1543,Slovakia,SVK,2015,6.162
1544,Slovakia,SVK,2016,5.993
1545,Slovakia,SVK,2017,6.366
1546,Slovakia,SVK,2018,6.235
1547,Slovakia,SVK,2019,6.243
1548,Slovakia,SVK,2020,6.519
1549,Slovenia,SVN,2006,5.811
1550,Slovenia,SVN,2009,5.83
1551,Slovenia,SVN,2010,6.083
1552,Slovenia,SVN,2011,6.036
1553,Slovenia,SVN,2012,6.063
1554,Slovenia,SVN,2013,5.975
1555,Slovenia,SVN,2014,5.678
1556,Slovenia,SVN,2015,5.741
1557,Slovenia,SVN,2016,5.937
1558,Slovenia,SVN,2017,6.167
1559,Slovenia,SVN,2018,6.249
1560,Slovenia,SVN,2019,6.665
1561,Slovenia,SVN,2020,6.462
1562,Somalia,SOM,2014,5.528
1563,Somalia,SOM,2015,5.354
1564,Somalia,SOM,2016,4.668
1565,Somaliland region,NUL,2009,4.991
1566,Somaliland region,NUL,2010,4.657
1567,Somaliland region,NUL,2011,4.931
1568,Somaliland region,NUL,2012,5.057
1569,South Africa,ZAF,2006,5.084
1570,South Africa,ZAF,2007,5.204
1571,South Africa,ZAF,2008,5.346
1572,South Africa,ZAF,2009,5.218
1573,South Africa,ZAF,2010,4.652
1574,South Africa,ZAF,2011,4.931
1575,South Africa,ZAF,2012,5.134
1576,South Africa,ZAF,2013,3.661
1577,South Africa,ZAF,2014,4.828
1578,South Africa,ZAF,2015,4.887
1579,South Africa,ZAF,2016,4.77
1580,South Africa,ZAF,2017,4.514
1581,South Africa,ZAF,2018,4.884
1582,South Africa,ZAF,2019,5.035
1583,South Africa,ZAF,2020,4.947
1584,South Korea,KOR,2006,5.332
1585,South Korea,KOR,2007,5.767
1586,South Korea,KOR,2008,5.39
1587,South Korea,KOR,2009,5.648
1588,South Korea,KOR,2010,6.116
1589,South Korea,KOR,2011,6.947
1590,South Korea,KOR,2012,6.003
1591,South Korea,KOR,2013,5.959
1592,South Korea,KOR,2014,5.801
1593,South Korea,KOR,2015,5.78
1594,South Korea,KOR,2016,5.971
1595,South Korea,KOR,2017,5.874
1596,South Korea,KOR,2018,5.84
1597,South Korea,KOR,2019,5.903
1598,South Korea,KOR,2020,5.793
1599,South Sudan,SSD,2014,3.832
1600,South Sudan,SSD,2015,4.071
1601,South Sudan,SSD,2016,2.888
1602,South Sudan,SSD,2017,2.817
1603,Spain,ESP,2005,7.153
1604,Spain,ESP,2007,6.995
1605,Spain,ESP,2008,7.294
1606,Spain,ESP,2009,6.199
1607,Spain,ESP,2010,6.188
1608,Spain,ESP,2011,6.518
1609,Spain,ESP,2012,6.291
1610,Spain,ESP,2013,6.15
1611,Spain,ESP,2014,6.456
1612,Spain,ESP,2015,6.381
1613,Spain,ESP,2016,6.319
1614,Spain,ESP,2017,6.23
1615,Spain,ESP,2018,6.513
1616,Spain,ESP,2019,6.457
1617,Spain,ESP,2020,6.502
1618,Sri Lanka,LKA,2006,4.345
1619,Sri Lanka,LKA,2007,4.415
1620,Sri Lanka,LKA,2008,4.431
1621,Sri Lanka,LKA,2009,4.212
1622,Sri Lanka,LKA,2010,3.977
1623,Sri Lanka,LKA,2011,4.181
1624,Sri Lanka,LKA,2012,4.225
1625,Sri Lanka,LKA,2013,4.365
1626,Sri Lanka,LKA,2014,4.268
1627,Sri Lanka,LKA,2015,4.612
1628,Sri Lanka,LKA,2017,4.331
1629,Sri Lanka,LKA,2018,4.435
1630,Sri Lanka,LKA,2019,4.213
1631,Sudan,SDN,2009,4.455
1632,Sudan,SDN,2010,4.435
1633,Sudan,SDN,2011,4.314
1634,Sudan,SDN,2012,4.55
1635,Sudan,SDN,2014,4.139
1636,Suriname,SUR,2012,6.269
1637,Sweden,SWE,2005,7.376
1638,Sweden,SWE,2007,7.241
1639,Sweden,SWE,2008,7.516
1640,Sweden,SWE,2009,7.266
1641,Sweden,SWE,2010,7.496
1642,Sweden,SWE,2011,7.382
1643,Sweden,SWE,2012,7.56
1644,Sweden,SWE,2013,7.434
1645,Sweden,SWE,2014,7.239
1646,Sweden,SWE,2015,7.289
1647,Sweden,SWE,2016,7.369
1648,Sweden,SWE,2017,7.287
1649,Sweden,SWE,2018,7.375
1650,Sweden,SWE,2019,7.398
1651,Sweden,SWE,2020,7.314
1652,Switzerland,CHE,2006,7.473
1653,Switzerland,CHE,2009,7.525
1654,Switzerland,CHE,2012,7.776
1655,Switzerland,CHE,2014,7.493
1656,Switzerland,CHE,2015,7.572
1657,Switzerland,CHE,2016,7.459
1658,Switzerland,CHE,2017,7.474
1659,Switzerland,CHE,2018,7.509
1660,Switzerland,CHE,2019,7.694
1661,Switzerland,CHE,2020,7.508
1662,Syria,SYR,2008,5.323
1663,Syria,SYR,2009,4.979
1664,Syria,SYR,2010,4.465
1665,Syria,SYR,2011,4.038
1666,Syria,SYR,2012,3.164
1667,Syria,SYR,2013,2.688
1668,Syria,SYR,2015,3.462
1669,Taiwan,TWN,2006,6.189
1670,Taiwan,TWN,2008,5.548
1671,Taiwan,TWN,2010,6.229
1672,Taiwan,TWN,2011,6.309
1673,Taiwan,TWN,2012,6.126
1674,Taiwan,TWN,2013,6.34
1675,Taiwan,TWN,2014,6.363
1676,Taiwan,TWN,2015,6.45
1677,Taiwan,TWN,2016,6.513
1678,Taiwan,TWN,2017,6.359
1679,Taiwan,TWN,2018,6.467
1680,Taiwan,TWN,2019,6.537
1681,Taiwan,TWN,2020,6.751
1682,Tajikistan,TJK,2006,4.613
1683,Tajikistan,TJK,2007,4.432
1684,Tajikistan,TJK,2008,5.064
1685,Tajikistan,TJK,2009,4.575
1686,Tajikistan,TJK,2010,4.381
1687,Tajikistan,TJK,2011,4.263
1688,Tajikistan,TJK,2012,4.497
1689,Tajikistan,TJK,2013,4.967
1690,Tajikistan,TJK,2014,4.896
1691,Tajikistan,TJK,2015,5.124
1692,Tajikistan,TJK,2016,5.104
1693,Tajikistan,TJK,2017,5.829
1694,Tajikistan,TJK,2018,5.497
1695,Tajikistan,TJK,2019,5.464
1696,Tajikistan,TJK,2020,5.373
1697,Tanzania,TZA,2006,3.922
1698,Tanzania,TZA,2007,4.318
1699,Tanzania,TZA,2008,4.385
1700,Tanzania,TZA,2009,3.408
1701,Tanzania,TZA,2010,3.229
1702,Tanzania,TZA,2011,4.074
1703,Tanzania,TZA,2012,4.007
1704,Tanzania,TZA,2013,3.852
1705,Tanzania,TZA,2014,3.483
1706,Tanzania,TZA,2015,3.661
1707,Tanzania,TZA,2016,2.903
1708,Tanzania,TZA,2017,3.347
1709,Tanzania,TZA,2018,3.445
1710,Tanzania,TZA,2019,3.64
1711,Tanzania,TZA,2020,3.786
1712,Thailand,THA,2006,5.885
1713,Thailand,THA,2007,5.784
1714,Thailand,THA,2008,5.636
1715,Thailand,THA,2009,5.476
1716,Thailand,THA,2010,6.217
1717,Thailand,THA,2011,6.664
1718,Thailand,THA,2012,6.3
1719,Thailand,THA,2013,6.231
1720,Thailand,THA,2014,6.985
1721,Thailand,THA,2015,6.202
1722,Thailand,THA,2016,6.074
1723,Thailand,THA,2017,5.939
1724,Thailand,THA,2018,6.012
1725,Thailand,THA,2019,6.022
1726,Thailand,THA,2020,5.885
1727,Togo,TGO,2006,3.202
1728,Togo,TGO,2008,2.808
1729,Togo,TGO,2011,2.936
1730,Togo,TGO,2014,2.839
1731,Togo,TGO,2015,3.768
1732,Togo,TGO,2016,3.879
1733,Togo,TGO,2017,4.361
1734,Togo,TGO,2018,4.023
1735,Togo,TGO,2019,4.179
1736,Trinidad and Tobago,TTO,2006,5.832
1737,Trinidad and Tobago,TTO,2008,6.696
1738,Trinidad and Tobago,TTO,2011,6.519
1739,Trinidad and Tobago,TTO,2013,6.168
1740,Trinidad and Tobago,TTO,2017,6.192
1741,Tunisia,TUN,2009,5.025
1742,Tunisia,TUN,2010,5.131
1743,Tunisia,TUN,2011,4.876
1744,Tunisia,TUN,2012,4.464
1745,Tunisia,TUN,2013,5.246
1746,Tunisia,TUN,2014,4.764
1747,Tunisia,TUN,2015,5.132
1748,Tunisia,TUN,2016,4.521
1749,Tunisia,TUN,2017,4.124
1750,Tunisia,TUN,2018,4.741
1751,Tunisia,TUN,2019,4.315
1752,Tunisia,TUN,2020,4.731
1753,Turkey,TUR,2005,4.719
1754,Turkey,TUR,2007,5.623
1755,Turkey,TUR,2008,5.118
1756,Turkey,TUR,2009,5.213
1757,Turkey,TUR,2010,5.49
1758,Turkey,TUR,2011,5.272
1759,Turkey,TUR,2012,5.309
1760,Turkey,TUR,2013,4.888
1761,Turkey,TUR,2014,5.58
1762,Turkey,TUR,2015,5.514
1763,Turkey,TUR,2016,5.326
1764,Turkey,TUR,2017,5.607
1765,Turkey,TUR,2018,5.186
1766,Turkey,TUR,2019,4.872
1767,Turkey,TUR,2020,4.862
1768,Turkmenistan,TKM,2009,6.568
1769,Turkmenistan,TKM,2011,5.792
1770,Turkmenistan,TKM,2012,5.464
1771,Turkmenistan,TKM,2013,5.392
1772,Turkmenistan,TKM,2014,5.787
1773,Turkmenistan,TKM,2015,5.791
1774,Turkmenistan,TKM,2016,5.887
1775,Turkmenistan,TKM,2017,5.229
1776,Turkmenistan,TKM,2018,4.621
1777,Turkmenistan,TKM,2019,5.474
1778,Uganda,UGA,2006,3.734
1779,Uganda,UGA,2007,4.456
1780,Uganda,UGA,2008,4.569
1781,Uganda,UGA,2009,4.612
1782,Uganda,UGA,2010,4.193
1783,Uganda,UGA,2011,4.826
1784,Uganda,UGA,2012,4.309
1785,Uganda,UGA,2013,3.71
1786,Uganda,UGA,2014,3.77
1787,Uganda,UGA,2015,4.238
1788,Uganda,UGA,2016,4.233
1789,Uganda,UGA,2017,4.001
1790,Uganda,UGA,2018,4.322
1791,Uganda,UGA,2019,4.948
1792,Uganda,UGA,2020,4.641
1793,Ukraine,UKR,2006,4.804
1794,Ukraine,UKR,2007,5.252
1795,Ukraine,UKR,2008,5.172
1796,Ukraine,UKR,2009,5.166
1797,Ukraine,UKR,2010,5.058
1798,Ukraine,UKR,2011,5.083
1799,Ukraine,UKR,2012,5.03
1800,Ukraine,UKR,2013,4.711
1801,Ukraine,UKR,2014,4.297
1802,Ukraine,UKR,2015,3.965
1803,Ukraine,UKR,2016,4.029
1804,Ukraine,UKR,2017,4.311
1805,Ukraine,UKR,2018,4.662
1806,Ukraine,UKR,2019,4.702
1807,Ukraine,UKR,2020,5.27
1808,United Arab Emirates,ARE,2006,6.734
1809,United Arab Emirates,ARE,2009,6.866
1810,United Arab Emirates,ARE,2010,7.097
1811,United Arab Emirates,ARE,2011,7.119
1812,United Arab Emirates,ARE,2012,7.218
1813,United Arab Emirates,ARE,2013,6.621
1814,United Arab Emirates,ARE,2014,6.54
1815,United Arab Emirates,ARE,2015,6.568
1816,United Arab Emirates,ARE,2016,6.831
1817,United Arab Emirates,ARE,2017,7.039
1818,United Arab Emirates,ARE,2018,6.604
1819,United Arab Emirates,ARE,2019,6.711
1820,United Arab Emirates,ARE,2020,6.458
1821,United Kingdom,GBR,2005,6.984
1822,United Kingdom,GBR,2007,6.802
1823,United Kingdom,GBR,2008,6.986
1824,United Kingdom,GBR,2009,6.907
1825,United Kingdom,GBR,2010,7.029
1826,United Kingdom,GBR,2011,6.869
1827,United Kingdom,GBR,2012,6.881
1828,United Kingdom,GBR,2013,6.918
1829,United Kingdom,GBR,2014,6.758
1830,United Kingdom,GBR,2015,6.515
1831,United Kingdom,GBR,2016,6.824
1832,United Kingdom,GBR,2017,7.103
1833,United Kingdom,GBR,2018,7.233
1834,United Kingdom,GBR,2019,7.157
1835,United Kingdom,GBR,2020,6.798
1836,United States,USA,2006,7.182
1837,United States,USA,2007,7.513
1838,United States,USA,2008,7.28
1839,United States,USA,2009,7.158
1840,United States,USA,2010,7.164
1841,United States,USA,2011,7.115
1842,United States,USA,2012,7.026
1843,United States,USA,2013,7.249
1844,United States,USA,2014,7.151
1845,United States,USA,2015,6.864
1846,United States,USA,2016,6.804
1847,United States,USA,2017,6.992
1848,United States,USA,2018,6.883
1849,United States,USA,2019,6.944
1850,United States,USA,2020,7.028
1851,Uruguay,URY,2006,5.786
1852,Uruguay,URY,2007,5.694
1853,Uruguay,URY,2008,5.664
1854,Uruguay,URY,2009,6.296
1855,Uruguay,URY,2010,6.062
1856,Uruguay,URY,2011,6.554
1857,Uruguay,URY,2012,6.45
1858,Uruguay,URY,2013,6.444
1859,Uruguay,URY,2014,6.561
1860,Uruguay,URY,2015,6.628
1861,Uruguay,URY,2016,6.171
1862,Uruguay,URY,2017,6.336
1863,Uruguay,URY,2018,6.372
1864,Uruguay,URY,2019,6.6
1865,Uruguay,URY,2020,6.31
1866,Uzbekistan,UZB,2006,5.232
1867,Uzbekistan,UZB,2008,5.311
1868,Uzbekistan,UZB,2009,5.261
1869,Uzbekistan,UZB,2010,5.095
1870,Uzbekistan,UZB,2011,5.739
1871,Uzbekistan,UZB,2012,6.019
1872,Uzbekistan,UZB,2013,5.94
1873,Uzbekistan,UZB,2014,6.049
1874,Uzbekistan,UZB,2015,5.972
1875,Uzbekistan,UZB,2016,5.893
1876,Uzbekistan,UZB,2017,6.421
1877,Uzbekistan,UZB,2018,6.205
1878,Uzbekistan,UZB,2019,6.154
1879,Venezuela,VEN,2005,7.17
1880,Venezuela,VEN,2006,6.525
1881,Venezuela,VEN,2008,6.258
1882,Venezuela,VEN,2009,7.189
1883,Venezuela,VEN,2010,7.478
1884,Venezuela,VEN,2011,6.58
1885,Venezuela,VEN,2012,7.067
1886,Venezuela,VEN,2013,6.553
1887,Venezuela,VEN,2014,6.136
1888,Venezuela,VEN,2015,5.569
1889,Venezuela,VEN,2016,4.041
1890,Venezuela,VEN,2017,5.071
1891,Venezuela,VEN,2018,5.006
1892,Venezuela,VEN,2019,5.081
1893,Venezuela,VEN,2020,4.574
1894,Vietnam,VNM,2006,5.294
1895,Vietnam,VNM,2007,5.422
1896,Vietnam,VNM,2008,5.48
1897,Vietnam,VNM,2009,5.304
1898,Vietnam,VNM,2010,5.296
1899,Vietnam,VNM,2011,5.767
1900,Vietnam,VNM,2012,5.535
1901,Vietnam,VNM,2013,5.023
1902,Vietnam,VNM,2014,5.085
1903,Vietnam,VNM,2015,5.076
1904,Vietnam,VNM,2016,5.062
1905,Vietnam,VNM,2017,5.175
1906,Vietnam,VNM,2018,5.296
1907,Vietnam,VNM,2019,5.467
1908,Yemen,YEM,2007,4.477
1909,Yemen,YEM,2009,4.809
1910,Yemen,YEM,2010,4.35
1911,Yemen,YEM,2011,3.746
1912,Yemen,YEM,2012,4.061
1913,Yemen,YEM,2013,4.218
1914,Yemen,YEM,2014,3.968
1915,Yemen,YEM,2015,2.983
1916,Yemen,YEM,2016,3.826
1917,Yemen,YEM,2017,3.254
1918,Yemen,YEM,2018,3.058
1919,Yemen,YEM,2019,4.197
1920,Zambia,ZMB,2006,4.824
1921,Zambia,ZMB,2007,3.998
1922,Zambia,ZMB,2008,4.73
1923,Zambia,ZMB,2009,5.26
1924,Zambia,ZMB,2011,4.999
1925,Zambia,ZMB,2012,5.013
1926,Zambia,ZMB,2013,5.244
1927,Zambia,ZMB,2014,4.346
1928,Zambia,ZMB,2015,4.843
1929,Zambia,ZMB,2016,4.348
1930,Zambia,ZMB,2017,3.933
1931,Zambia,ZMB,2018,4.041
1932,Zambia,ZMB,2019,3.307
1933,Zambia,ZMB,2020,4.838
1934,Zimbabwe,ZWE,2006,3.826
1935,Zimbabwe,ZWE,2007,3.28
1936,Zimbabwe,ZWE,2008,3.174
1937,Zimbabwe,ZWE,2009,4.056
1938,Zimbabwe,ZWE,2010,4.682
1939,Zimbabwe,ZWE,2011,4.846
1940,Zimbabwe,ZWE,2012,4.955
1941,Zimbabwe,ZWE,2013,4.69
1942,Zimbabwe,ZWE,2014,4.184
1943,Zimbabwe,ZWE,2015,3.703
1944,Zimbabwe,ZWE,2016,3.735
1945,Zimbabwe,ZWE,2017,3.638
1946,Zimbabwe,ZWE,2018,3.616
1947,Zimbabwe,ZWE,2019,2.694
1948,Zimbabwe,ZWE,2020,3.16
